,cid,cidname,brand,model,datamonth,price,biz30day,biz30day_rank,total_sold_price,total_sold_price_rank,model_ratings,model_rank,model_pos,model_neu,model_neg,model_total,model_rate,model_rate_rank
147,2019091609,智能门锁,安易美,HF827,201908,108.0,4130,74,446040.0,197,95.82,121.0,82,2,0,84,0.9761904761904762,1
120,2019091609,智能门锁,佰特,6081,201908,188.0,2566,102,500896.0,188,96.86,92.0,100,8,0,108,0.9259259259259259,2
44,2019091609,智能门锁,kob,100,201908,49.09,9230,38,397641.32000000007,200,93.31,161.0,36,4,0,40,0.9,3
107,2019091609,智能门锁,zkat,W5D/W6D,201908,1006.8,240,239,241632.0,226,90.32,199.0,50,6,0,56,0.8928571428571429,4
161,2019091609,智能门锁,康利,1812,201908,160.5,347,217,55693.5,258,94.44,144.0,64,8,0,72,0.8888888888888888,5
238,2019091609,智能门锁,赢领,P8,201908,1899.0,315,220,491610.0,189,93.82,150.0,48,6,0,54,0.8888888888888888,6
124,2019091609,智能门锁,佰飞特,8020,201908,162.67,4840,69,792172.8,165,97.82,53.0,392,54,0,446,0.8789237668161435,7
119,2019091609,智能门锁,佰特,216,201908,153.5,19334,20,2991949.3400000003,93,98.61,20.0,690,106,0,796,0.8668341708542714,8
183,2019091609,智能门锁,掌索,B800,201908,542.78,87,257,47221.86,259,89.87,205.0,52,8,0,60,0.8666666666666667,9
168,2019091609,智能门锁,建辉科技,JH-008,201908,29.8,7781,46,230411.59999999998,229,97.28,79.0,226,36,0,262,0.8625954198473282,10
217,2019091609,智能门锁,科技侠,SA202,201908,499.0,314,221,162185.4,241,96.16,114.0,86,14,0,100,0.86,11
125,2019091609,智能门锁,佰飞特,8065,201908,150.5,2392,103,359996.0,206,96.18,113.0,206,34,2,242,0.8512396694214877,12
142,2019091609,智能门锁,固特,小智指纹锁,201908,486.28,1392,139,672438.77,181,99.06,6.0,820,152,0,972,0.8436213991769548,13
18,2019091609,智能门锁,hoopson,V9,201908,112.2,2780,99,311916.0,215,98.49,23.0,338,64,0,402,0.8407960199004975,14
7,2019091609,智能门锁,carondy/卡隆迪,C8102,201908,117.6,5662,58,748777.2,172,98.39,28.0,894,170,2,1066,0.8386491557223265,15
159,2019091609,智能门锁,广源发,6063,201908,157.5,913,167,143797.5,245,97.26,80.0,166,32,0,198,0.8383838383838383,16
184,2019091609,智能门锁,新嘉诚,9901,201908,358.18,1445,138,537383.46,186,98.4,27.0,321,64,0,385,0.8337662337662337,17
122,2019091609,智能门锁,佰特,8020,201908,162.67,752,176,134547.61,248,90.55,197.0,47,10,0,57,0.8245614035087719,18
132,2019091609,智能门锁,卡多利亚,100RF,201908,133.27,23135,19,3015000.72,92,99.1,3.0,615,135,0,750,0.82,19
232,2019091609,智能门锁,蒂丰德,Q1,201908,718.8,223,242,160292.4,242,94.58,142.0,98,22,0,120,0.8166666666666667,20
167,2019091609,智能门锁,建辉科技,JH-006,201908,24.0,11783,33,267553.4,221,98.09,42.0,210,46,2,258,0.813953488372093,21
251,2019091609,智能门锁,高雅居,一键自动平板,201908,1499.0,77,259,115423.0,252,91.73,183.0,60,14,0,74,0.8108108108108109,22
175,2019091609,智能门锁,恒达飞,7001,201908,163.67,13173,30,2156024.91,115,98.68,17.0,232,56,0,288,0.8055555555555556,23
121,2019091609,智能门锁,佰特,8001,201908,134.5,10328,36,1323372.8900000001,148,96.7,97.0,237,56,2,295,0.8033898305084746,24
212,2019091609,智能门锁,玥玛安防,FP/Y8,201908,1199.0,31,264,35969.0,262,,,48,12,0,60,0.8,25
241,2019091609,智能门锁,金点,620,201908,25.63,31731,12,797565.36,164,97.38,74.0,110,28,0,138,0.7971014492753623,26
224,2019091609,智能门锁,索汇尔,X1,201908,237.6,2907,96,1111391.46,155,99.2,2.0,3536,902,14,4452,0.7942497753818508,27
105,2019091609,智能门锁,yonglei optica/永磊光电,S-3,201908,688.0,602,190,459282.0,193,97.07,87.0,256,68,0,324,0.7901234567901234,28
4,2019091609,智能门锁,blond/佰仑,8901-7,201908,539.31,1378,140,703427.61,176,98.06,44.0,200,56,0,256,0.78125,29
81,2019091609,智能门锁,suocenor/索克罗,899F,201908,506.88,1843,127,1806609.25,131,96.54,102.0,335,84,10,429,0.7808857808857809,30
102,2019091609,智能门锁,ygxy/雅固兴雅,6300,201908,321.6,594,194,181751.75999999998,236,95.76,123.0,84,24,0,108,0.7777777777777778,31
137,2019091609,智能门锁,古德莱,M10,201908,1499.0,1029,160,1518471.0,142,97.37,75.0,570,164,0,734,0.776566757493188,32
56,2019091609,智能门锁,marsalock/玛莎洛克,MS-B9,201908,1134.6,2113,108,1520200.14,141,97.19,83.0,945,274,2,1221,0.773955773955774,33
84,2019091609,智能门锁,szovik/索维克,X9,201908,912.0,113,253,86234.67,256,92.08,179.0,72,22,0,94,0.7659574468085106,34
58,2019091609,智能门锁,marsalock/玛莎洛克,MS-P9,201908,1830.48,4190,73,7113717.48,47,98.85,12.0,1590,488,0,2078,0.7651588065447545,35
118,2019091609,智能门锁,佰德龙,A8,201908,1898.0,1920,120,3644160.0,83,96.71,96.0,1066,324,4,1394,0.7647058823529411,36
110,2019091609,智能门锁,云狮,YS-M02,201908,516.8,5465,61,3117581.6999999997,89,99.01,8.0,3778,1172,14,4964,0.7610797743755037,37
82,2019091609,智能门锁,suocenor/索克罗,9901,201908,516.47,242,237,204257.97999999998,232,88.96,212.0,88,26,2,116,0.7586206896551724,38
165,2019091609,智能门锁,廊客,F5-BLX,201908,1574.0,2046,113,3431662.0,86,99.1,4.0,1738,558,2,2298,0.7563098346388164,39
141,2019091609,智能门锁,固特,2318,201908,500.07,1142,153,574445.1499999999,185,85.72,230.0,80,24,2,106,0.7547169811320755,40
180,2019091609,智能门锁,恒阳,S1,201908,378.94,5206,64,1975281.3699999999,123,97.94,47.0,802,254,8,1064,0.7537593984962406,41
6,2019091609,智能门锁,carondy/卡隆迪,C8008,201908,256.0,1783,129,456448.0,195,95.45,129.0,566,180,6,752,0.7526595744680851,42
146,2019091609,智能门锁,安成泰,S600,201908,429.81,857,171,346589.56,209,98.1,41.0,380,126,0,506,0.7509881422924901,43
96,2019091609,智能门锁,xiaomi/小米,T21,201908,799.0,599,191,478601.0,190,98.18,37.0,380,124,2,506,0.7509881422924901,44
237,2019091609,智能门锁,赢领,P6,201908,1021.97,46085,5,33210067.54,13,97.8,55.0,6174,1982,72,8228,0.7503646086533787,45
20,2019091609,智能门锁,hrlchure/黑创,断桥铝,201908,477.6,200,244,126240.0,250,95.46,128.0,84,28,0,112,0.75,46
218,2019091609,智能门锁,科莱宝,H1,201908,749.7,475,200,439143.24,198,97.76,58.0,390,130,0,520,0.75,47
253,2019091609,智能门锁,blond/佰仑,8001,201908,758.0,27680,15,21367573.27,21,99.28,1.0,8613,2804,74,11491,0.749543120703159,48
239,2019091609,智能门锁,邦臣,G200,201908,800.0,1865,124,1533216.45,140,98.72,15.0,1352,452,4,1808,0.7477876106194691,49
216,2019091609,智能门锁,睿强,RQ855,201908,458.7,16843,25,5254221.290000001,58,98.26,32.0,1380,465,9,1854,0.7443365695792881,50
174,2019091609,智能门锁,忠恒,X10,201908,1680.0,215,243,361200.0,205,88.08,217.0,58,20,0,78,0.7435897435897436,51
213,2019091609,智能门锁,玥玛安防,Y8,201908,1499.0,129,251,193371.0,234,90.97,195.0,150,52,0,202,0.7425742574257426,52
203,2019091609,智能门锁,民熔,S-188,201908,648.5,7675,47,4452180.52,65,97.01,89.0,798,264,14,1076,0.741635687732342,53
185,2019091609,智能门锁,新视图,W1,201908,370.7,488,199,180901.6,237,97.49,66.0,444,156,0,600,0.74,54
145,2019091609,智能门锁,安成泰,500A2,201908,688.56,361,215,248790.62,224,98.11,40.0,198,70,0,268,0.7388059701492538,55
192,2019091609,智能门锁,智门星,玻璃门指纹锁双开门密码锁,201908,373.0,2020,115,768662.0,170,98.07,43.0,494,176,0,670,0.7373134328358208,56
1,2019091609,智能门锁,beck,I2,201908,574.8,1531,134,1212780.3900000001,150,95.77,122.0,440,148,10,598,0.7357859531772575,57
176,2019091609,智能门锁,恒达飞,8001FD,201908,223.0,1999,116,456917.0,194,92.6,171.0,50,18,0,68,0.7352941176470589,58
109,2019091609,智能门锁,中锁,玻璃门指纹锁密码单门双门,201908,345.75,1355,141,468491.25,191,98.25,33.0,384,140,0,524,0.732824427480916,59
172,2019091609,智能门锁,微杏,8017,201908,957.6,1736,130,1662393.62,137,96.5,104.0,852,308,4,1164,0.7319587628865979,60
111,2019091609,智能门锁,伊莱诗,YLS-YK801,201908,989.27,703,179,778161.75,169,95.99,117.0,1020,370,4,1394,0.7317073170731707,61
240,2019091609,智能门锁,邦臣,LP9,201908,355.59,2158,107,786834.4400000001,168,95.15,135.0,360,128,4,492,0.7317073170731707,62
126,2019091609,智能门锁,佰飞特,8901,201908,393.6,106,254,41721.6,261,92.05,181.0,38,14,0,52,0.7307692307692307,63
37,2019091609,智能门锁,kameisa,KM579,201908,1176.0,87,258,102312.0,253,95.02,137.0,114,42,0,156,0.7307692307692307,64
160,2019091609,智能门锁,广源发,6088,201908,194.0,595,193,115430.0,251,95.41,131.0,76,28,0,104,0.7307692307692307,65
261,2019091609,智能门锁,dorma/多玛,DMD,201908,1080.0,633,186,674725.02,180,94.39,145.0,92,34,0,126,0.7301587301587301,66
170,2019091609,智能门锁,建辉科技,JH-EM216,201908,28.25,102903,2,2301643.29,113,98.18,36.0,825,303,3,1131,0.7294429708222812,67
3,2019091609,智能门锁,black sails/黑帆,MJ002,201908,1078.0,3585,84,3889960.0,78,98.02,45.0,1560,576,8,2144,0.7276119402985075,68
247,2019091609,智能门锁,雅浩,Y-2,201908,1665.01,958,165,1557888.44,139,98.19,35.0,426,160,0,586,0.726962457337884,69
215,2019091609,智能门锁,盈鼎,811,201908,506.0,4019,78,2035767.41,120,98.89,10.0,2880,1080,4,3964,0.7265388496468214,70
83,2019091609,智能门锁,szovik/索维克,F6,201908,420.0,906,168,380520.0,204,95.87,119.0,122,46,0,168,0.7261904761904762,71
182,2019091609,智能门锁,惠氏,X66,201908,1349.0,592,195,740858.0,173,95.96,118.0,666,250,2,918,0.7254901960784313,72
194,2019091609,智能门锁,果加,A230,201908,838.44,395,212,334948.49,213,92.81,168.0,58,22,0,80,0.725,73
250,2019091609,智能门锁,顺辉,兰博,201908,1078.8,1942,119,3984687.75,76,96.95,91.0,1558,582,10,2150,0.7246511627906976,74
67,2019091609,智能门锁,pintos/品多,M1,201908,3279.0,2202,106,1893401.42,129,97.43,71.0,430,164,0,594,0.7239057239057239,75
219,2019091609,智能门锁,科莱宝,K12,201908,1245.53,249,235,282250.02,218,94.67,141.0,272,100,4,376,0.723404255319149,76
220,2019091609,智能门锁,科莱宝,KLB-9018,201908,1312.62,57,262,90570.70999999999,255,,,68,26,0,94,0.723404255319149,77
207,2019091609,智能门锁,猪猪猫,ZN-008,201908,1058.0,1486,136,1509353.0,143,98.41,26.0,2354,894,8,3256,0.722972972972973,78
8,2019091609,智能门锁,carondy/卡隆迪,T18-X,201908,670.8,337,218,226059.6,230,97.78,56.0,344,132,0,476,0.7226890756302521,79
17,2019091609,智能门锁,haier/海尔,TOP1,201908,1480.36,599,192,886735.62,162,92.2,176.0,134,52,0,186,0.7204301075268817,80
204,2019091609,智能门锁,民熔,可视门锁,201908,1185.75,1545,133,2144668.2199999997,116,97.88,49.0,448,172,2,622,0.7202572347266881,81
211,2019091609,智能门锁,玥玛安防,FP-Y8,201908,1399.0,564,197,789036.0,166,97.77,57.0,632,248,0,880,0.7181818181818181,82
123,2019091609,智能门锁,佰特,8901,201908,345.6,368,214,137493.0,247,93.38,159.0,66,26,0,92,0.717391304347826,83
86,2019091609,智能门锁,tenon/亚太天能,A2W,201908,2930.25,5085,67,12681140.81,32,97.48,67.0,634,240,10,884,0.7171945701357466,84
112,2019091609,智能门锁,优点智能,C1,201908,2029.38,7539,48,12531066.59,34,98.66,19.0,1786,702,6,2494,0.7161186848436247,85
221,2019091609,智能门锁,科莱宝,KLBK15,201908,1687.61,229,240,251317.71999999997,223,93.06,164.0,166,66,0,232,0.7155172413793104,86
9,2019091609,智能门锁,dessmann/德施曼,T11,201908,1371.09,7131,50,10619105.0,39,97.86,51.0,1726,674,14,2414,0.7149958574979287,87
71,2019091609,智能门锁,rynx/凌仕,LS103,201908,1336.5,2112,109,2809613.0,100,98.95,9.0,1382,548,4,1934,0.7145811789038262,88
201,2019091609,智能门锁,樱花,8028,201908,1399.0,1892,122,2007512.0,121,97.15,85.0,716,282,4,1002,0.7145708582834331,89
193,2019091609,智能门锁,曼亚,P8,201908,2199.94,6177,55,12656880.0,33,98.73,14.0,1916,766,10,2692,0.711738484398217,90
73,2019091609,智能门锁,sakuracan/樱能,R9,201908,24.0,294,229,93332.0,254,,,44,18,0,62,0.7096774193548387,91
249,2019091609,智能门锁,顺辉,GS5,201908,1078.8,1074,155,1158631.22,153,96.25,111.0,728,294,4,1026,0.7095516569200779,92
129,2019091609,智能门锁,典匠,6012,201908,1426.1,32079,10,44636233.419999994,9,98.36,30.0,7024,2798,96,9918,0.7082072998588425,93
38,2019091609,智能门锁,kameisa,KM788,201908,1580.0,97,255,153260.0,243,94.87,138.0,174,68,4,246,0.7073170731707317,94
235,2019091609,智能门锁,赢冠,RF9988,201908,187.2,6801,52,1380171.8,145,95.22,134.0,318,129,3,450,0.7066666666666667,95
133,2019091609,智能门锁,卡多利亚,1058,201908,789.75,57683,3,46780608.14999999,8,99.08,5.0,10343,4224,88,14655,0.7057659501876493,96
134,2019091609,智能门锁,卡多利亚,1068RF,201908,226.36,11254,34,2871520.5399999996,98,97.21,82.0,93,39,0,132,0.7045454545454546,97
156,2019091609,智能门锁,幻侣,DS650,201908,656.75,312,222,177292.47,238,90.98,194.0,127,52,2,181,0.7016574585635359,98
61,2019091609,智能门锁,panasonic/松下,V-M311C/L,201908,1899.0,898,169,1940337.1400000001,125,92.11,178.0,174,72,2,248,0.7016129032258065,99
106,2019091609,智能门锁,yonglei optica/永磊光电,Y1,201908,888.0,458,203,426054.0,199,91.24,192.0,420,176,4,600,0.7,100
197,2019091609,智能门锁,柯越,Q8,201908,1188.88,243,236,288897.84,217,95.66,125.0,428,184,0,612,0.6993464052287581,101
169,2019091609,智能门锁,建辉科技,JH-011,201908,37.14,7952,45,306363.52,216,95.13,136.0,85,37,0,122,0.6967213114754098,102
64,2019091609,智能门锁,philips/飞利浦,191,201908,3598.08,854,172,2620235.0,105,96.56,101.0,468,202,2,672,0.6964285714285714,103
260,2019091609,智能门锁,dessmann/德施曼,V5,201908,1642.75,2834,98,3698306.0,82,98.52,22.0,1228,534,10,1772,0.6930022573363431,104
158,2019091609,智能门锁,幻侣,QZD700,201908,1014.27,270,231,246846.72,225,90.81,196.0,115,48,3,166,0.6927710843373494,105
246,2019091609,智能门锁,雅浩,K9,201908,990.72,2071,112,2108030.81,118,97.71,60.0,808,360,0,1168,0.6917808219178082,106
162,2019091609,智能门锁,康廷,T66,201908,478.8,8465,42,4023908.39,73,98.78,13.0,6168,2804,36,9008,0.6847246891651865,107
77,2019091609,智能门锁,samsung/三星,SHP-DP738,201908,2754.59,581,196,1899835.4100000001,128,,,52,24,0,76,0.6842105263157895,108
103,2019091609,智能门锁,ygxy/雅固兴雅,E68S,201908,696.0,983,164,678741.6,179,97.89,48.0,194,88,2,284,0.6830985915492958,109
104,2019091609,智能门锁,ygxy/雅固兴雅,FM-02,201908,518.0,689,182,354809.28,208,96.28,110.0,124,58,0,182,0.6813186813186813,110
49,2019091609,智能门锁,kunshan,Y802-1,201908,1420.0,302,225,450340.0,196,89.41,210.0,128,60,0,188,0.6808510638297872,111
14,2019091609,智能门锁,gateman,AK720,201908,4276.38,2082,110,8397723.54,43,97.68,62.0,746,338,14,1098,0.6794171220400729,112
199,2019091609,智能门锁,梵蒂安,A1,201908,719.02,2735,100,1962998.8,124,98.71,16.0,3210,1510,14,4734,0.6780735107731305,113
202,2019091609,智能门锁,樱花,D8,201908,1699.0,3114,92,5481597.0,55,93.61,153.0,663,306,10,979,0.6772216547497446,114
181,2019091609,智能门锁,恒阳,Y1,201908,948.19,400,209,388011.64,201,97.31,77.0,214,102,0,316,0.6772151898734177,115
117,2019091609,智能门锁,佰仕利,802..,201908,624.76,25162,17,14743558.280000001,29,98.85,11.0,13259,6206,146,19611,0.6761001478761919,116
130,2019091609,智能门锁,典匠,6012B,201908,1436.06,191,246,274725.21,219,86.1,227.0,104,48,2,154,0.6753246753246753,117
15,2019091609,智能门锁,gateman,PASS700,201908,5174.38,5573,60,19790371.72,24,98.3,31.0,3190,1524,28,4742,0.6727119358920287,118
87,2019091609,智能门锁,tenon/亚太天能,E3,201908,1849.12,17621,23,41313674.87,10,98.15,39.0,2203,1054,22,3279,0.6718511741384569,119
11,2019091609,智能门锁,dessmann/德施曼,T86,201908,1936.78,31302,13,67070805.0,5,97.69,61.0,4261,2034,64,6359,0.6700739109922944,120
113,2019091609,智能门锁,优点智能,C1 PLUS,201908,1199.0,1005,162,1204995.0,151,96.74,94.0,218,108,0,326,0.6687116564417178,121
157,2019091609,智能门锁,幻侣,HL-009,201908,540.64,5799,57,3048585.26,91,96.7,98.0,1119,534,21,1674,0.6684587813620072,122
155,2019091609,智能门锁,幻侣,D650,201908,711.4,5624,59,4043147.97,71,97.73,59.0,1197,578,16,1791,0.6683417085427136,123
138,2019091609,智能门锁,古金匠,P8,201908,2016.71,117,252,235955.06,228,87.68,219.0,72,34,2,108,0.6666666666666666,124
42,2019091609,智能门锁,kingku/劲固,K28,201908,2799.0,1035,158,2957165.0,95,97.34,76.0,1004,496,6,1506,0.6666666666666666,125
171,2019091609,智能门锁,得能,玻璃狗,201908,1490.61,1223,148,1691771.3699999996,135,97.44,69.0,168,82,2,252,0.6666666666666666,126
231,2019091609,智能门锁,蒂丰德,F2-A,201908,718.8,2586,101,1889117.7699999998,130,97.81,54.0,2050,1010,30,3090,0.6634304207119741,127
57,2019091609,智能门锁,marsalock/玛莎洛克,MS-FACE,201908,1779.65,1658,131,3917731.51,77,95.75,124.0,462,228,8,698,0.66189111747851,128
198,2019091609,智能门锁,柯越,Z6,201908,1578.86,1866,123,2960286.31,94,98.43,24.0,3352,1702,14,5068,0.6614048934490924,129
68,2019091609,智能门锁,rnbn,F8-S,201908,1399.0,4994,68,6986606.0,48,97.42,72.0,1164,592,8,1764,0.6598639455782312,130
200,2019091609,智能门锁,梵蒂安,A8,201908,1042.23,4085,75,3740313.0900000012,81,96.99,90.0,1226,614,20,1860,0.6591397849462366,131
66,2019091609,智能门锁,philips/飞利浦,智能锁ALPHA,201908,2518.99,3139,89,5832496.0,52,95.58,126.0,912,458,16,1386,0.658008658008658,132
187,2019091609,智能门锁,普赛罗,PSL-6088-1,201908,1025.08,26460,16,30900142.62,14,98.38,29.0,5658,2876,80,8614,0.6568377060599024,133
177,2019091609,智能门锁,恒阳,H-2,201908,523.52,30542,14,21197641.849999987,23,98.42,25.0,3396,1704,72,5172,0.6566125290023201,134
227,2019091609,智能门锁,纽士盾,X1,201908,490.67,14401,29,7266351.890000001,46,98.19,34.0,5223,2692,52,7967,0.655579264465922,135
225,2019091609,智能门锁,纽士盾,Q1,201908,712.98,4036,77,2828147.87,99,97.06,88.0,3476,1798,48,5322,0.6531379180759113,136
72,2019091609,智能门锁,rynx/凌仕,指纹锁晶钻A款,201908,547.67,42200,7,24857036.319999997,18,96.85,93.0,6027,3008,198,9233,0.6527672479150872,137
139,2019091609,智能门锁,古金匠,SP8,201908,2399.0,1030,159,2470970.0,109,96.32,109.0,701,370,4,1075,0.652093023255814,138
19,2019091609,智能门锁,horow/希箭卫浴,H1,201908,1309.74,303,224,385846.26,202,88.75,214.0,112,58,2,172,0.6511627906976745,139
23,2019091609,智能门锁,iccssi/艾栖,E700A,201908,1699.0,396,211,685200.0,178,88.55,216.0,82,44,0,126,0.6507936507936508,140
233,2019091609,智能门锁,藏吉祥,代售安居邦品牌,201908,2123.0,68,260,33706.0,263,,,78,42,0,120,0.65,141
143,2019091609,智能门锁,好夫人,A1,201908,774.35,253,234,195920.33,233,96.38,107.0,178,96,0,274,0.6496350364963503,142
144,2019091609,智能门锁,好夫人,A2,201908,1227.22,1229,147,1499260.59,144,98.16,38.0,1712,914,12,2638,0.6489764973464746,143
136,2019091609,智能门锁,卡多利亚,CM1068,201908,399.0,16050,27,6415417.82,49,96.59,100.0,1149,615,9,1773,0.6480541455160744,144
127,2019091609,智能门锁,克莱思特,K20,201908,717.6,691,181,463554.39999999997,192,92.9,166.0,88,48,0,136,0.6470588235294118,145
257,2019091609,智能门锁,dessmann/德施曼,T81,201908,1299.0,3129,90,4427186.0,66,97.64,63.0,497,268,6,771,0.6446173800259404,146
0,2019091609,智能门锁,aqara,智能门锁,201908,1899.0,741,177,1257198.5,149,91.72,185.0,126,66,4,196,0.6428571428571429,147
135,2019091609,智能门锁,卡多利亚,1088,201908,360.0,8038,44,2904737.9399999995,96,98.54,21.0,270,150,0,420,0.6428571428571429,148
186,2019091609,智能门锁,普赛罗,PSL-505,201908,1598.0,2272,104,3985276.0,75,89.88,204.0,562,300,14,876,0.6415525114155252,149
95,2019091609,智能门锁,wwwg/吾爱吾家,W4,201908,1508.0,2872,97,4354976.0,67,90.32,200.0,500,268,14,782,0.639386189258312,150
205,2019091609,智能门锁,洲明翰源,ZMHY-008,201908,1909.96,32805,9,72235723.84,2,97.51,65.0,2827,1575,41,4443,0.6362817915822643,151
256,2019091609,智能门锁,dessmann/德施曼,Q5,201908,2282.55,10389,35,21827883.0,20,97.41,73.0,1489,820,40,2349,0.633886760323542,152
262,2019091609,智能门锁,ens,H6,201908,844.53,16905,24,13635289.56,30,92.84,167.0,1138,608,50,1796,0.6336302895322939,153
70,2019091609,智能门锁,rynx/凌仕,H13,201908,476.06,12174,32,5706678.26,53,93.66,152.0,1384,754,48,2186,0.6331198536139067,154
131,2019091609,智能门锁,典匠,6037,201908,1799.06,8475,40,16053608.75,26,98.67,18.0,2818,1626,16,4460,0.6318385650224215,155
63,2019091609,智能门锁,panasonic/松下,V-M771C,201908,2249.0,1973,117,3752376.08,80,95.33,132.0,288,162,6,456,0.631578947368421,156
5,2019091609,智能门锁,cadn/蝉东,M1,201908,578.0,3832,82,2634378.0300000003,104,82.69,235.0,166,86,12,264,0.6287878787878788,157
59,2019091609,智能门锁,marsalock/玛莎洛克,STAR,201908,1300.91,624,188,767506.0,171,87.53,220.0,132,78,0,210,0.6285714285714286,158
75,2019091609,智能门锁,samsung/三星,SHP--DP607,201908,3332.03,299,227,988599.4,160,,,54,28,4,86,0.627906976744186,159
222,2019091609,智能门锁,索普盾,-S18,201908,1049.0,134,250,146266.0,244,70.63,236.0,118,66,4,188,0.6276595744680851,160
152,2019091609,智能门锁,小睿,T2,201908,609.53,6867,51,3776498.25,79,96.64,99.0,244,146,0,390,0.6256410256410256,161
209,2019091609,智能门锁,玥玛,NBZNMS002,201908,1686.5,694,180,1333752.55,147,95.85,120.0,136,80,2,218,0.6238532110091743,162
116,2019091609,智能门锁,伯瓦特,B8-CM,201908,540.5,1906,121,1007438.0,158,86.87,226.0,126,68,8,202,0.6237623762376238,163
244,2019091609,智能门锁,锁虎,H5,201908,717.6,259,232,204800.40000000002,231,92.43,174.0,56,34,0,90,0.6222222222222222,164
263,2019091609,智能门锁,beck,I1,201908,359.0,776,174,345952.0,210,90.06,202.0,46,24,4,74,0.6216216216216216,165
62,2019091609,智能门锁,panasonic/松下,V-M721F,201908,2799.0,1071,157,2724089.0,101,92.6,171.0,118,72,0,190,0.6210526315789474,166
16,2019091609,智能门锁,gateman,PASS700-2,201908,5116.58,3143,88,5434038.25,56,93.58,154.0,298,176,6,480,0.6208333333333333,167
48,2019091609,智能门锁,ksmak/金指码,K51,201908,3099.0,1232,146,4477541.0,64,87.06,224.0,162,96,4,262,0.6183206106870229,168
223,2019091609,智能门锁,索普盾,S11,201908,1799.0,4694,70,9165156.0,41,97.44,70.0,2161,1304,46,3511,0.6154941612076331,169
128,2019091609,智能门锁,克莱思特,K8,201908,456.0,307,223,139992.0,246,88.08,217.0,48,30,0,78,0.6153846153846154,170
22,2019091609,智能门锁,iccssi/艾栖,E700,201908,2480.0,1008,161,2602159.0,106,93.49,155.0,152,94,2,248,0.6129032258064516,171
234,2019091609,智能门锁,诚克,K20,201908,468.0,39941,8,22974941.509999998,19,97.48,68.0,2711,1594,120,4425,0.6126553672316384,172
245,2019091609,智能门锁,锁虎,MF-1,201908,477.6,5438,62,2540798.4099999997,108,96.53,103.0,740,448,20,1208,0.6125827814569537,173
108,2019091609,智能门锁,zucon,F350,201908,350.0,18070,22,6318280.0,50,94.26,147.0,507,304,20,831,0.6101083032490975,174
45,2019091609,智能门锁,kob,KT-L6601,201908,375.13,3415,86,1619824.3,138,94.83,139.0,263,152,18,433,0.6073903002309469,175
94,2019091609,智能门锁,voc,V77F,201908,3280.0,1189,151,4028081.0,72,93.46,156.0,256,162,4,422,0.6066350710900474,176
164,2019091609,智能门锁,廊客,ES-S118,201908,2299.0,257,233,590843.0,184,89.09,211.0,40,26,0,66,0.6060606060606061,177
208,2019091609,智能门锁,玥玛,FP-0003,201908,480.0,97,256,46560.0,260,91.73,183.0,104,68,0,172,0.6046511627906976,178
88,2019091609,智能门锁,tenon/亚太天能,V9S,201908,2228.58,23841,18,57202406.74,7,97.98,46.0,3118,1964,76,5158,0.6044978673904614,179
10,2019091609,智能门锁,dessmann/德施曼,T7000,201908,1399.52,42202,6,71834496.65,3,97.82,52.0,5724,3568,186,9478,0.6039248786663853,180
259,2019091609,智能门锁,dessmann/德施曼,T91,201908,3399.0,1149,152,3612917.5,84,94.7,140.0,186,118,4,308,0.6038961038961039,181
92,2019091609,智能门锁,voc,K79,201908,2080.0,767,175,1901327.05,127,95.33,133.0,198,122,8,328,0.6036585365853658,182
154,2019091609,智能门锁,小睿,V7,201908,1599.0,1308,142,2120708.11,117,91.6,187.0,342,220,6,568,0.602112676056338,183
46,2019091609,智能门锁,ksmak/金指码,C5,201908,2999.0,2081,111,5914109.09,51,91.13,193.0,348,218,14,580,0.6,184
226,2019091609,智能门锁,纽士盾,S1,201908,798.91,452,205,256731.84,222,97.62,64.0,534,356,2,892,0.5986547085201793,185
2,2019091609,智能门锁,be－tech/必达,I7FMTW-Z01A,201908,1461.18,3191,87,3243194.1599999997,87,94.15,148.0,150,98,4,252,0.5952380952380952,186
254,2019091609,智能门锁,cadn/蝉东,X1,201908,2450.0,645,184,1044822.15,156,90.54,198.0,262,172,8,442,0.5927601809954751,187
178,2019091609,智能门锁,恒阳,P1,201908,528.91,359,216,187352.16,235,96.13,115.0,192,130,2,324,0.5925925925925926,188
78,2019091609,智能门锁,samsung/三星,SHP-DR708,201908,4049.57,651,183,2442980.0,110,93.82,150.0,116,80,0,196,0.5918367346938775,189
114,2019091609,智能门锁,优点智能,M2,201908,1992.23,398,210,788656.0,167,,,58,40,0,98,0.5918367346938775,190
12,2019091609,智能门锁,ens,H8,201908,1279.6,300,226,356226.73,207,92.13,177.0,150,102,2,254,0.5905511811023622,191
91,2019091609,智能门锁,voc,.X7,201908,1899.0,5139,65,11016667.01,38,97.3,78.0,1156,784,30,1970,0.5868020304568528,192
39,2019091609,智能门锁,keylock/第吉尔,#6600-268,201908,2099.0,391,213,798199.0,163,92.51,173.0,158,110,2,270,0.5851851851851851,193
236,2019091609,智能门锁,赢冠,YGA1SS,201908,153.71,1205,149,177180.02,239,91.47,189.0,63,45,0,108,0.5833333333333334,194
30,2019091609,智能门锁,kaadas/凯迪仕,K9,201908,2399.0,2038,114,4817385.3,63,92.72,169.0,518,368,6,892,0.5807174887892377,195
179,2019091609,智能门锁,恒阳,R8,201908,877.98,918,166,1184285.84,152,91.45,190.0,313,212,14,539,0.5807050092764379,196
248,2019091609,智能门锁,顶固,T1,201908,2949.0,319,219,960131.0,161,,,36,26,0,62,0.5806451612903226,197
43,2019091609,智能门锁,kingku/劲固,西雅图 S / SEATTLE S 1108,201908,3433.33,442,206,726642.38,174,96.39,106.0,298,216,0,514,0.5797665369649806,198
76,2019091609,智能门锁,samsung/三星,SHP-DP728,201908,2514.1,163688,1,394561707.5,1,99.01,7.0,14102,9941,330,24373,0.5785910638821646,199
34,2019091609,智能门锁,kaadas/凯迪仕,TK2,201908,1957.94,18827,21,37476166.0,11,97.22,81.0,3731,2626,122,6479,0.5758604722951073,200
153,2019091609,智能门锁,小睿,T3,201908,697.36,4011,79,2883863.87,97,96.36,108.0,850,612,34,1496,0.5681818181818182,201
47,2019091609,智能门锁,ksmak/金指码,E3,201908,1999.0,8670,39,21197842.0,22,96.44,105.0,1220,886,54,2160,0.5648148148148148,202
258,2019091609,智能门锁,dessmann/德施曼,T82,201908,2299.0,716,178,1715694.0,134,84.49,232.0,166,118,10,294,0.564625850340136,203
80,2019091609,智能门锁,samsung/三星,SHS-P718,201908,3298.71,8091,43,27313747.59,16,97.86,50.0,1598,1223,15,2836,0.5634696755994358,204
243,2019091609,智能门锁,鑫众美,R9,201908,579.42,1091,154,605997.28,183,92.08,179.0,80,58,4,142,0.5633802816901409,205
166,2019091609,智能门锁,廊客,H6,201908,1538.0,46,263,66428.0,257,,,36,28,0,64,0.5625,206
90,2019091609,智能门锁,viomi/云米,LINK-02,201908,1292.71,241,238,268761.4,220,,,74,58,0,132,0.5606060606060606,207
93,2019091609,智能门锁,voc,T77F,201908,2390.0,2915,95,7411205.0,45,92.71,170.0,494,376,12,882,0.5600907029478458,208
189,2019091609,智能门锁,智家人,MIX-C,201908,1997.56,1198,150,2423202.0,111,,,106,84,0,190,0.5578947368421052,209
149,2019091609,智能门锁,小益,E205 WIFI版,201908,654.21,6352,54,4260402.87,69,91.58,188.0,1608,1176,102,2886,0.5571725571725572,210
41,2019091609,智能门锁,keylock/第吉尔,6600-92触摸屏,201908,2880.0,2980,94,13209898.05,31,96.07,116.0,609,468,18,1095,0.5561643835616439,211
53,2019091609,智能门锁,loock/鹿客,T1 PRO金,201908,2791.11,862,170,2647073.5,103,66.9,238.0,90,66,6,162,0.5555555555555556,212
85,2019091609,智能门锁,tcl,K1S-09,201908,1678.8,1073,156,1801352.38,132,90.15,201.0,326,250,12,588,0.5544217687074829,213
33,2019091609,智能门锁,kaadas/凯迪仕,TK1,201908,2363.55,5138,66,12427634.0,35,89.52,209.0,946,720,42,1708,0.5538641686182669,214
27,2019091609,智能门锁,kaadas/凯迪仕,K7,201908,2165.67,1486,137,3999939.0,74,97.14,86.0,672,546,8,1226,0.5481239804241436,215
195,2019091609,智能门锁,果加,F0,201908,119.63,3808,83,2381508.0,112,95.43,130.0,226,178,10,414,0.5458937198067633,216
242,2019091609,智能门锁,鑫众美,R8,201908,599.28,6072,56,3566887.2099999995,85,93.41,157.0,666,522,34,1222,0.5450081833060556,217
74,2019091609,智能门锁,samsung/三星,DR708 738,201908,4122.27,296,228,1040553.0299999999,157,91.67,186.0,78,60,6,144,0.5416666666666666,218
21,2019091609,智能门锁,iccssi/艾栖,C700,201908,2956.33,791,173,2284860.0,114,92.43,174.0,104,88,0,192,0.5416666666666666,219
25,2019091609,智能门锁,kaadas/凯迪仕,6107,201908,2366.11,1803,128,4979285.95,61,94.39,145.0,188,154,6,348,0.5402298850574713,220
50,2019091609,智能门锁,loock/鹿客,CLASSIC,201908,1847.37,31810,11,57731088.69,6,97.15,84.0,2799,2241,158,5198,0.5384763370527126,221
79,2019091609,智能门锁,samsung/三星,SHP-DR717,201908,3899.13,628,187,2541503.81,107,,,70,60,0,130,0.5384615384615384,222
206,2019091609,智能门锁,牧锐,K100,201908,383.5,4401,72,1976489.03,122,96.23,112.0,195,168,0,363,0.5371900826446281,223
55,2019091609,智能门锁,madishi/玛蒂诗,V3,201908,498.0,4063,76,2063735.54,119,84.07,233.0,44,34,4,82,0.5365853658536586,224
214,2019091609,智能门锁,环瑞,LT-051,201908,238.8,1615,132,384149.6,203,93.4,158.0,44,38,0,82,0.5365853658536586,225
26,2019091609,智能门锁,kaadas/凯迪仕,K5,201908,1776.76,16091,26,34851198.55,12,96.74,95.0,1905,1602,75,3582,0.5318257956448911,226
196,2019091609,智能门锁,果加,M2,201908,1499.0,469,201,686590.0,177,91.37,191.0,244,214,2,460,0.5304347826086957,227
24,2019091609,智能门锁,kaadas/凯迪仕,5005,201908,3280.0,519,198,1785349.0,133,87.49,221.0,58,50,2,110,0.5272727272727272,228
36,2019091609,智能门锁,kaadas/凯迪仕,V5,201908,2236.78,1292,144,3173062.0,88,92.91,165.0,172,154,4,330,0.5212121212121212,229
28,2019091609,智能门锁,kaadas/凯迪仕,K7-T,201908,3013.19,8471,41,25259931.979999997,17,93.35,160.0,980,848,58,1886,0.5196182396606575,230
148,2019091609,智能门锁,小嘀,T86,201908,1941.86,1973,118,4877119.0,62,,,90,84,0,174,0.5172413793103449,231
35,2019091609,智能门锁,kaadas/凯迪仕,TK2-YS,201908,1951.27,5289,63,11505917.0,37,91.9,182.0,664,578,44,1286,0.5163297045101088,232
210,2019091609,智能门锁,玥玛,P8,201908,1959.0,155,247,334878.0,214,,,34,32,0,66,0.5151515151515151,233
89,2019091609,智能门锁,viomi/云米,LINK,201908,1222.13,9567,37,12102852.370000001,36,94.07,149.0,1130,1020,54,2204,0.5127041742286751,234
32,2019091609,智能门锁,kaadas/凯迪仕,K9-Y,201908,2666.84,6685,53,18192991.0,25,88.88,213.0,709,644,38,1391,0.509705248023005,235
115,2019091609,智能门锁,伯瓦特,002,201908,456.0,57,261,25992.0,264,86.93,225.0,22,22,0,44,0.5,236
191,2019091609,智能门锁,智家人,TOUCH-1,201908,1667.52,605,189,1004395.0,159,,,42,44,0,86,0.4883720930232558,237
151,2019091609,智能门锁,小睿,T1,201908,339.95,3058,93,1157197.52,154,86.08,228.0,85,84,6,175,0.4857142857142857,238
188,2019091609,智能门锁,智家人,H06DPLUS,201908,2428.98,3904,81,9365945.5,40,89.52,208.0,366,380,8,754,0.4854111405835544,239
52,2019091609,智能门锁,loock/鹿客,Q2,201908,3149.0,1001,163,3069122.0,90,,,94,98,2,194,0.4845360824742268,240
40,2019091609,智能门锁,keylock/第吉尔,313,201908,2930.0,454,204,1353001.3900000001,146,83.97,234.0,174,184,2,360,0.48333333333333334,241
54,2019091609,智能门锁,loock/鹿客,TOUCH,201908,3223.07,4613,71,15553002.32,27,95.47,127.0,480,504,10,994,0.482897384305835,242
100,2019091609,智能门锁,xiaomi/小米,米家智能门锁 青春版,201908,1072.46,12188,31,15176528.509999998,28,89.86,206.0,347,345,30,722,0.4806094182825485,243
173,2019091609,智能门锁,微耕,WG2081,201908,465.6,15413,28,7559393.769999998,44,94.47,143.0,1100,1186,22,2308,0.47660311958405543,244
150,2019091609,智能门锁,小益,E206,201908,1069.0,639,185,134411.0,249,,,40,40,4,84,0.47619047619047616,245
190,2019091609,智能门锁,智家人,MX,201908,2963.29,1861,125,5579839.0,54,,,84,92,2,178,0.47191011235955055,246
65,2019091609,智能门锁,philips/飞利浦,ALPHA,201908,2395.38,147,248,343996.0,211,,,50,56,0,106,0.4716981132075472,247
29,2019091609,智能门锁,kaadas/凯迪仕,K8-T,201908,4077.07,7517,49,29242612.26,15,90.06,203.0,754,766,84,1604,0.470074812967581,248
98,2019091609,智能门锁,xiaomi/小米,米家智能门锁 标配版,201908,1298.6,52624,4,67086920.4,4,85.12,231.0,737,777,56,1570,0.4694267515923567,249
140,2019091609,智能门锁,君辉,190423,201908,393.6,433,207,170730.6,240,,,38,42,2,82,0.4634146341463415,250
31,2019091609,智能门锁,kaadas/凯迪仕,K9-V,201908,3690.85,146,249,518227.0,187,,,32,38,0,70,0.45714285714285713,251
69,2019091609,智能门锁,rnbn,X9,201908,1699.0,199,245,338101.0,212,87.13,223.0,102,120,2,224,0.45535714285714285,252
101,2019091609,智能门锁,yale/耶鲁,YMH70,201908,3890.86,2246,105,8965640.41,42,93.16,163.0,204,230,14,448,0.45535714285714285,253
229,2019091609,智能门锁,萤石,DL21S,201908,2836.72,1524,135,4216489.100000001,70,89.55,207.0,100,118,4,222,0.45045045045045046,254
99,2019091609,智能门锁,xiaomi/小米,米家智能门锁 霸王锁,201908,1517.28,3502,85,5388087.13,57,85.92,229.0,78,91,8,177,0.4406779661016949,255
255,2019091609,智能门锁,dessmann/德施曼,D820,201908,3899.0,1267,145,4311647.0,68,87.19,222.0,173,216,12,401,0.4314214463840399,256
228,2019091609,智能门锁,萤石,DL15S,201908,1427.73,1298,143,1925602.0,126,88.58,215.0,104,136,2,242,0.4297520661157025,257
252,2019091609,智能门锁,aqara,智能指纹门锁,201908,1616.78,1855,126,2651987.8,102,93.28,162.0,768,1015,42,1825,0.4208219178082192,258
60,2019091609,智能门锁,midea/美的,M1,201908,1710.11,422,208,715802.75,175,62.42,239.0,82,108,8,198,0.41414141414141414,259
51,2019091609,智能门锁,loock/鹿客,CLASSIC 2S,201908,959.48,3974,80,5155370.87,60,69.24,237.0,144,196,14,354,0.4067796610169492,260
163,2019091609,智能门锁,康廷,T88,201908,828.0,291,230,240376.0,227,,,52,82,2,136,0.38235294117647056,261
97,2019091609,智能门锁,xiaomi/小米,米家智能门锁 推拉式,201908,1604.59,3129,91,5172788.55,59,,,50,97,3,150,0.3333333333333333,262
230,2019091609,智能门锁,萤石,DL21S/DL2S,201908,3032.33,226,241,630237.0700000001,182,,,32,68,2,102,0.3137254901960784,263
13,2019091609,智能门锁,gateman,A330,201908,4490.0,462,202,1676932.57,136,,,21,78,0,99,0.21212121212121213,264
